<Markings>
  <ImgMarkings ImageName="brownRects_1024_256.jpg" EntityCount="2">
    <Entity Alias="1">
      <Circle x="100" y="100" radius="50" />
    </Entity>
    <Entity Alias="2">
      <Circle x="200" y="200" radius="25" />
    </Entity>
  </ImgMarkings>
  <ImgMarkings ImageName="colorcoil_512_512.jpg" EntityCount="1">
    <Entity Alias="1">
      <Circle x="60" y="600" radius="50" />
    </Entity>
  </ImgMarkings>
  <ImgMarkings ImageName="redCircles_256_1024.jpg" EntityCount="3">
    <Entity Alias="1">
      <Circle x="100" y="100" radius="100" />
    </Entity>
    <Entity Alias="2">
      <Circle x="200" y="200" radius="25" />
    </Entity>
    <Entity Alias="3">
      <Circle x="200" y="200" radius="25" />
    </Entity>
  </ImgMarkings>
</Markings>